Workbook

Sheet Sheet1
A1: Name | B1: C | C1: Customer | D1: License Plate | E1: Vehicle | F1: first_payment | G1: Rent Cost | H1: Recurring Cost | I1: Cost Frequency | J1: Fleet Brand | K1: Fleet Color | L1: Rent Start Date | M1: Rent End Date | N1: State
A2: RENT/2023/0001 | B2: Mr Yan Yue Peng | C2: =TRIM(B2) -> Mr Yan Yue Peng | D2: 1I/4365 | E2: =VLOOKUP(D2, Sheet2!A:C, 3, FALSE) -> Toyota/Alphard/1I/4365 | F2: 0 | G2: 0 | H2: 1600000 | I2: Monthly | L2: 45191 | M2: 2024-04-21 | N2: Running
A3: RENT/2023/0002 | B3: Mr Hu Lanxiong | C3: =TRIM(B3) -> Mr Hu Lanxiong | D3: 7P/6769 (MMO) | E3: =VLOOKUP(D3, Sheet2!A:C, 3, FALSE) -> Nissan/AD/7P/6769 (MMO) | F3: 0 | G3: 0 | H3: 800000 | I3: Monthly | L3: 2023-05-25 | M3: 2023-07-24 | N3: Running
A4: RENT/2023/0003 | B4: Ko Nay Min Han | C4: =TRIM(B4) -> Ko Nay Min Han | D4: 3H/5929 | E4: =VLOOKUP(D4, Sheet2!A:C, 3, FALSE) -> Nissan/AD/3H/5929 | F4: 0 | G4: 0 | H4: 700000 | I4: Monthly | L4: 2024-06-01 | M4: 2024-06-30 | N4: Running
A5: RENT/2023/0004 | B5: Mr Tong Kai Liang | C5: =TRIM(B5) -> Mr Tong Kai Liang | D5: 1I/4960 | E5: =VLOOKUP(D5, Sheet2!A:C, 3, FALSE) -> Nissan/AD/1I/4960 | F5: 0 | G5: 0 | H5: 700000 | I5: Monthly | L5: 2024-04-29 | M5: 2024-08-28 | N5: Running
A6: RENT/2023/0005 | B6: U Win Naing | C6: =TRIM(B6) -> U Win Naing | D6: 2F/9171 | E6: =VLOOKUP(D6, Sheet2!A:C, 3, FALSE) -> Nissan/AD/2F/9171 | F6: 0 | G6: 0 | H6: 500000 | I6: Monthly | L6: 2024-03-05 | M6: 2024-05-04 | N6: Running
A7: RENT/2023/0006 | B7: Mr Wang Chenghai | C7: =TRIM(B7) -> Mr Wang Chenghai | D7: 4H/8153 | E7: =VLOOKUP(D7, Sheet2!A:C, 3, FALSE) -> Toyota/Belta/4H/8153 | F7: 0 | G7: 0 | H7: 800000 | I7: Monthly | L7: 2024-01-07 | M7: 2024-03-06 | N7: Running
A8: RENT/2023/0007 | B8: Ko Soe Myint Oo | C8: =TRIM(B8) -> Ko Soe Myint Oo | D8: 2Q/1461 (MMO) | E8: =VLOOKUP(D8, Sheet2!A:C, 3, FALSE) -> Suzuki/Ciaz/2Q/1461 (MMO) | F8: 0 | G8: 0 | H8: 1300000 | I8: Monthly | L8: 2024-07-02 | M8: 2024-07-31 | N8: Running
A9: RENT/2023/0008 | B9: Mr Kuo Yuan Yang | C9: =TRIM(B9) -> Mr Kuo Yuan Yang | D9: 2S/2927 | E9: =VLOOKUP(D9, Sheet2!A:C, 3, FALSE) -> Suzuki/Ciaz/2S/2927 | F9: 0 | G9: 0 | H9: 1170000 | I9: Monthly | L9: 45427 | M9: 2025-05-14 | N9: Running
A10: RENT/2023/0009 | B10: Mr Guo Ling | C10: =TRIM(B10) -> Mr Guo Ling | D10: 5Q/8505 (MMO) | E10: =VLOOKUP(D10, Sheet2!A:C, 3, FALSE) -> Honda/Insight/5Q/8505 (MMO) | F10: 0 | G10: 0 | H10: 800000 | I10: Monthly | L10: 2024-03-24 | M10: 2024-06-23 | N10: Running
A11: RENT/2023/0010 | B11: Mr Lu Jian Zhaung | C11: =TRIM(B11) -> Mr Lu Jian Zhaung | D11: 1N/6213 (MMO) | E11: =VLOOKUP(D11, Sheet2!A:C, 3, FALSE) -> Honda/Insight/1N/6213 (MMO) | F11: 0 | G11: 0 | H11: 800000 | I11: Monthly | L11: 2024-04-01 | M11: 2024-06-30 | N11: Running
A12: RENT/2023/0011 | B12: Mr Yu Liang Liang | C12: =TRIM(B12) -> Mr Yu Liang Liang | D12: 1M/9574 (MMO) | E12: =VLOOKUP(D12, Sheet2!A:C, 3, FALSE) -> Honda/Insight/1M/9574 (MMO) | F12: 0 | G12: 0 | H12: 800000 | I12: Monthly | L12: 2024-04-09 | M12: 2024-05-08 | N12: Running
A13: RENT/2023/0012 | B13: Mr Wang Ping | C13: =TRIM(B13) -> Mr Wang Ping | D13: 4H/5781 (MMO) | E13: =VLOOKUP(D13, Sheet2!A:C, 3, FALSE) -> Honda/Insight/4H/5781 (MMO) | F13: 0 | G13: 0 | H13: 800000 | I13: Monthly | L13: 2023-10-03 | M13: 2023-11-02 | N13: Running
A14: RENT/2023/0013 | B14: Mr Xu Yizhi | C14: =TRIM(B14) -> Mr Xu Yizhi | D14: 7K/6305 (MMO) | E14: =VLOOKUP(D14, Sheet2!A:C, 3, FALSE) -> Honda/Insight/7K/6305 (MMO) | F14: 0 | G14: 0 | H14: 800000 | I14: Monthly | L14: 2024-07-02 | M14: 2024-10-01 | N14: Running
A15: RENT/2023/0014 | B15: Mr Pu Yuan Lun | C15: =TRIM(B15) -> Mr Pu Yuan Lun | D15: 9J/5030 (MMO) | E15: =VLOOKUP(D15, Sheet2!A:C, 3, FALSE) -> Honda/Insight/9J/5030 (MMO) | F15: 0 | G15: 0 | H15: 800000 | I15: Monthly | L15: 2024-07-01 | M15: 2024-07-31 | N15: Running
A16: RENT/2023/0015 | B16: Mr Lee /Mr Tang Yong Clun | C16: =TRIM(B16) -> Mr Lee /Mr Tang Yong Clun | D16: 4K/1329 | E16: =VLOOKUP(D16, Sheet2!A:C, 3, FALSE) -> Honda/Insight/4K/1329 | F16: 0 | G16: 0 | H16: 800000 | I16: Monthly | L16: 2024-03-08 | M16: 2024-05-07 | N16: Running
A17: RENT/2023/0016 | B17: U Aung Kyaw | C17: =TRIM(B17) -> U Aung Kyaw | D17: 3J/4642 (MMO) | E17: =VLOOKUP(D17, Sheet2!A:C, 3, FALSE) -> Honda/Insight/3J/4642 (MMO) | F17: 0 | G17: 0 | H17: 800000 | I17: Monthly | L17: 2024-01-27 | M17: 2024-06-26 | N17: Running
A18: RENT/2023/0017 | B18: Ko Aung Kyaw | C18: =TRIM(B18) -> Ko Aung Kyaw | D18: 4L/9873 (MMO) | E18: =VLOOKUP(D18, Sheet2!A:C, 3, FALSE) -> Honda/Insight/4L/9873 (MMO) | F18: 0 | G18: 0 | H18: 300000 | I18: Monthly | L18: 45139 | M18: 2024-02-29 | N18: Running
A19: RENT/2023/0018 | B19: Mr Xie Ming Jian | C19: =TRIM(B19) -> Mr Xie Ming Jian | D19: 9L/9176 (MMO) | E19: =VLOOKUP(D19, Sheet2!A:C, 3, FALSE) -> Honda/Insight/9L/9176 (MMO) | F19: 0 | G19: 0 | H19: 800000 | I19: Monthly | L19: 2024-07-01 | M19: 2024-07-31 | N19: Running
A20: RENT/2023/0019 | B20: Mr Deng Shi Hui | C20: =TRIM(B20) -> Mr Deng Shi Hui | D20: 5H/6646 (MMO) | E20: =VLOOKUP(D20, Sheet2!A:C, 3, FALSE) -> Honda/Insight/5H/6646 (MMO) | F20: 0 | G20: 0 | H20: 800000 | I20: Monthly | L20: 2024-03-21 | M20: 2024-06-20 | N20: Running
A21: RENT/2023/0020 | B21: U Hla Myint | C21: =TRIM(B21) -> U Hla Myint | D21: 9H/5551 (MMO) | E21: =VLOOKUP(D21, Sheet2!A:C, 3, FALSE) -> Honda/Insight/9H/5551 (MMO) | F21: 0 | G21: 0 | H21: 800000 | I21: Monthly | L21: 2024-06-03 | M21: 2024-08-02 | N21: Running
A22: RENT/2023/0021 | B22: Ko Hla Aung Mmo fri | C22: =TRIM(B22) -> Ko Hla Aung Mmo fri | D22: 1L/1050 (MMO) | E22: =VLOOKUP(D22, Sheet2!A:C, 3, FALSE) -> Honda/Insight/1L/1050 (MMO) | F22: 0 | G22: 0 | H22: 800000 | I22: Monthly | L22: 45171 | M22: 2024-07-01 | N22: Running
A23: RENT/2023/0022 | B23: Mr Zhe Jiang | C23: =TRIM(B23) -> Mr Zhe Jiang | D23: 5N/5306 (MMO) | E23: =VLOOKUP(D23, Sheet2!A:C, 3, FALSE) -> Honda/Insight/5N/5306 (MMO) | F23: 0 | G23: 0 | H23: 800000 | I23: Monthly | L23: 45240 | M23: 2024-02-09 | N23: Running
A24: RENT/2023/0023 | B24: Mr Yu Xiang Zhong | C24: =TRIM(B24) -> Mr Yu Xiang Zhong | D24: 9J/7302 (MMO) | E24: =VLOOKUP(D24, Sheet2!A:C, 3, FALSE) -> Honda/Insight/9J/7302 (MMO) | F24: 0 | G24: 0 | H24: 800000 | I24: Monthly | L24: 2023-06-12 | M24: 2023-08-11 | N24: Running
A25: RENT/2023/0024 | B25: Mr Xu Yizhi | C25: =TRIM(B25) -> Mr Xu Yizhi | D25: 5L/4960 (MMO) | E25: =VLOOKUP(D25, Sheet2!A:C, 3, FALSE) -> Honda/Insight/5L/4960 (MMO) | F25: 0 | G25: 0 | H25: 800000 | I25: Monthly | L25: 2024-06-19 | M25: 2024-09-18 | N25: Running
A26: RENT/2023/0025 | B26: Mr XUAN YULONG | C26: =TRIM(B26) -> Mr XUAN YULONG | D26: 6L/8556 (MMO) | E26: =VLOOKUP(D26, Sheet2!A:C, 3, FALSE) -> Honda/Insight/6L/8556 (MMO) | F26: 0 | G26: 0 | H26: 800000 | I26: Monthly | L26: 2024-07-02 | M26: 2024-10-01 | N26: Running
A27: RENT/2023/0026 | B27: Ko Kyaw Kyaw | C27: =TRIM(B27) -> Ko Kyaw Kyaw | D27: 4K/7943 (MMO) | E27: =VLOOKUP(D27, Sheet2!A:C, 3, FALSE) -> Honda/Insight/4K/7943 (MMO) | F27: 0 | G27: 0 | H27: 700000 | I27: Monthly | L27: 2024-05-20 | M27: 2024-06-19 | N27: Running
A28: RENT/2023/0027 | B28: Mr Liu Zhaoyun | C28: =TRIM(B28) -> Mr Liu Zhaoyun | D28: 1K/7482 (MMO) | E28: =VLOOKUP(D28, Sheet2!A:C, 3, FALSE) -> Honda/Insight/1K/7482 (MMO) | F28: 0 | G28: 0 | H28: 800000 | I28: Monthly | L28: 2024-05-02 | M28: 2024-08-01 | N28: Running
A29: RENT/2023/0028 | B29: Ko Kyaw Nyi Nyi Lwin | C29: =TRIM(B29) -> Ko Kyaw Nyi Nyi Lwin | D29: 5L/1648 (MMO) | E29: =VLOOKUP(D29, Sheet2!A:C, 3, FALSE) -> Honda/Insight/5L/1648 (MMO) | F29: 0 | G29: 0 | H29: 800000 | I29: Monthly | L29: 2024-03-24 | M29: 2024-06-23 | N29: Running
A30: RENT/2023/0029 | B30: Mr Xiao Lusheng | C30: =TRIM(B30) -> Mr Xiao Lusheng | D30: 7C/8788 | E30: =VLOOKUP(D30, Sheet2!A:C, 3, FALSE) -> Honda/Insight/7C/8788 | F30: 0 | G30: 0 | H30: 720000 | I30: Monthly | L30: 2024-04-01 | M30: 2024-05-31 | N30: Running
A31: RENT/2023/0030 | B31: Mr Deng Li | C31: =TRIM(B31) -> Mr Deng Li | D31: 7H/8222 | E31: =VLOOKUP(D31, Sheet2!A:C, 3, FALSE) -> Honda/Insight/7H/8222 | F31: 0 | G31: 0 | H31: 800000 | I31: Monthly | L31: 2024-06-08 | M31: 2024-09-07 | N31: Running
A32: RENT/2023/0031 | B32: Mr Mo Enging/Zvan Yip | C32: =TRIM(B32) -> Mr Mo Enging/Zvan Yip | D32: 9J/5405 | E32: =VLOOKUP(D32, Sheet2!A:C, 3, FALSE) -> Honda/Insight/9J/5405 | F32: 0 | G32: 0 | H32: 800000 | I32: Monthly | L32: 2024-03-01 | M32: 2024-06-30 | N32: Running
A33: RENT/2023/0032 | B33: Mr Bai Luokun | C33: =TRIM(B33) -> Mr Bai Luokun | D33: 2J/3021 | E33: =VLOOKUP(D33, Sheet2!A:C, 3, FALSE) -> Honda/Insight/2J/3021 | F33: 0 | G33: 0 | H33: 800000 | I33: Monthly | L33: 2024-06-25 | M33: 2024-09-24 | N33: Running
A34: RENT/2023/0033 | B34: Mr Zeng Jin | C34: =TRIM(B34) -> Mr Zeng Jin | D34: 7K/5798 | E34: =VLOOKUP(D34, Sheet2!A:C, 3, FALSE) -> Honda/Insight/7K/5798 | F34: 0 | G34: 0 | H34: 800000 | I34: Monthly | L34: 2023-04-25 | M34: 2023-05-24 | N34: Running
A35: RENT/2023/0034 | B35: Mr Kway Chi | C35: =TRIM(B35) -> Mr Kway Chi | D35: 7J/5038 | E35: =VLOOKUP(D35, Sheet2!A:C, 3, FALSE) -> Honda/Insight/7J/5038 | F35: 0 | G35: 0 | H35: 800000 | I35: Monthly | L35: 2024-07-17 | M35: 2024-08-16 | N35: Running
... A39: RENT/2023/0038 | B39: Mr Hu Fengbo | C39: =TRIM(B39) -> Mr Hu Fengbo | D39: 5D/3266 | E39: =VLOOKUP(D39, Sheet2!A:C, 3, FALSE) -> Honda/Insight/5D/3266 | F39: 0 | G39: 0 | H39: 800000 | I39: Monthly | L39: 2024-05-29 | M39: 2024-08-28 | N39: Running
A40: RENT/2023/0039 | B40: U Zaw Lin Aung | C40: =TRIM(B40) -> U Zaw Lin Aung | D40: 1L/2491 | E40: =VLOOKUP(D40, Sheet2!A:C, 3, FALSE) -> Honda/Insight/1L/2491 | F40: 0 | G40: 0 | H40: 800000 | I40: Monthly | L40: 45281 | M40: 2024-07-20 | N40: Running
A41: RENT/2023/0040 | B41: Mr Chen Dexiong | C41: =TRIM(B41) -> Mr Chen Dexiong | D41: 1K/7025 | E41: =VLOOKUP(D41, Sheet2!A:C, 3, FALSE) -> Honda/Insight/1K/7025 | F41: 0 | G41: 0 | H41: 800000 | I41: Monthly | L41: 45158 | M41: 2024-03-19 | N41: Running
A42: RENT/2023/0041 | B42: Mr Liu Yi Chung | C42: =TRIM(B42) -> Mr Liu Yi Chung | D42: 5K/8905 | E42: =VLOOKUP(D42, Sheet2!A:C, 3, FALSE) -> Honda/Insight/5K/8905 | F42: 0 | G42: 0 | H42: 800000 | I42: Monthly | L42: 2024-05-18 | M42: 2024-07-17 | N42: Running
A43: RENT/2023/0042 | B43: Mr Jin Zheng Chun/SJ Co., Ltd | C43: =TRIM(B43) -> Mr Jin Zheng Chun/SJ Co., Ltd | D43: 3M/3477 | E43: =VLOOKUP(D43, Sheet2!A:C, 3, FALSE) -> Honda/Insight/3M/3477 | F43: 0 | G43: 0 | H43: 800000 | I43: Monthly | L43: 2024-07-17 | M43: 2024-08-16 | N43: Running
A44: RENT/2023/0043 | B44: STEK-MDY Office | C44: =TRIM(B44) -> STEK-MDY Office | D44: 3D/6534 | E44: =VLOOKUP(D44, Sheet2!A:C, 3, FALSE) -> Honda/Insight/3D/6534 | F44: 0 | G44: 0 | H44: 800000 | I44: Monthly | L44: 2024-06-07 | M44: 2024-07-31 | N44: Running
A45: RENT/2023/0044 | B45: Mr Zhu Qing Lei | C45: =TRIM(B45) -> Mr Zhu Qing Lei | D45: 1I/6866 | E45: =VLOOKUP(D45, Sheet2!A:C, 3, FALSE) -> Honda/Insight/1I/6866 | F45: 0 | G45: 0 | H45: 800000 | I45: Monthly | L45: 2024-06-19 | M45: 2024-07-18 | N45: Running
A46: RENT/2023/0045 | B46: Mr Xiong Zhong Xiang | C46: =TRIM(B46) -> Mr Xiong Zhong Xiang | D46: 3L/6640 | E46: =VLOOKUP(D46, Sheet2!A:C, 3, FALSE) -> Honda/Insight/3L/6640 | F46: 0 | G46: 0 | H46: 800000 | I46: Monthly | L46: 2024-07-24 | M46: 2024-10-23 | N46: Running
A47: RENT/2023/0046 | B47: Mr Dai Ajian | C47: =TRIM(B47) -> Mr Dai Ajian | D47: 2M/1710 | E47: =VLOOKUP(D47, Sheet2!A:C, 3, FALSE) -> Honda/Insight/2M/1710 | F47: 0 | G47: 0 | H47: 800000 | I47: Monthly | L47: 2023-06-23 | M47: 2023-09-22 | N47: Running
A48: RENT/2023/0047 | B48: Mr Yan Xuzhong | C48: =TRIM(B48) -> Mr Yan Xuzhong | D48: 4K/7478 | E48: =VLOOKUP(D48, Sheet2!A:C, 3, FALSE) -> Honda/Insight/4K/7478 | F48: 0 | G48: 0 | H48: 800000 | I48: Monthly | L48: 45253 | M48: 2024-05-22 | N48: Running
A49: RENT/2023/0048 | B49: Mr Xu Liangihang | C49: =TRIM(B49) -> Mr Xu Liangihang | D49: 7H/1783 | E49: =VLOOKUP(D49, Sheet2!A:C, 3, FALSE) -> Honda/Insight/7H/1783 | F49: 0 | G49: 0 | H49: 800000 | I49: Monthly | L49: 2023-09-24 | M49: 2023-11-23 | N49: Running
A50: RENT/2023/0049 | B50: Mr Hu Xiaobin | C50: =TRIM(B50) -> Mr Hu Xiaobin | D50: 1I/8971 | E50: =VLOOKUP(D50, Sheet2!A:C, 3, FALSE) -> Honda/Insight/1I/8971 | F50: 0 | G50: 0 | H50: 800000 | I50: Monthly | L50: 2024-05-01 | M50: 2024-12-31 | N50: Running
A51: RENT/2023/0050 | B51: Ko Hein Htut Aung | C51: =TRIM(B51) -> Ko Hein Htut Aung | D51: 7K/3137 | E51: =VLOOKUP(D51, Sheet2!A:C, 3, FALSE) -> Honda/Insight/7K/3137 | F51: 0 | G51: 0 | H51: 800000 | I51: Monthly | L51: 2024-06-14 | M51: 2024-09-13 | N51: Running
A52: RENT/2023/0051 | B52: U Zay Paing Htoo | C52: =TRIM(B52) -> U Zay Paing Htoo | D52: 7K/4229 | E52: =VLOOKUP(D52, Sheet2!A:C, 3, FALSE) -> Honda/Insight/7K/4229 | F52: 0 | G52: 0 | H52: 800000 | I52: Monthly | L52: 2024-06-12 | M52: 2024-08-11 | N52: Running
A53: RENT/2023/0052 | B53: Mr Huang Haiming | C53: =TRIM(B53) -> Mr Huang Haiming | D53: 2M/5574 | E53: =VLOOKUP(D53, Sheet2!A:C, 3, FALSE) -> Honda/Insight/2M/5574 | F53: 0 | G53: 0 | H53: 800000 | I53: Monthly | L53: 2024-05-23 | M53: 2024-07-22 | N53: Running
A54: RENT/2023/0053 | B54: Mr Dong Caigun | C54: =TRIM(B54) -> Mr Dong Caigun | D54: 1M/7872 | E54: =VLOOKUP(D54, Sheet2!A:C, 3, FALSE) -> Honda/Insight/1M/7872 | F54: 0 | G54: 0 | H54: 800000 | I54: Monthly | L54: 2023-05-06 | M54: 2023-10-05 | N54: Running
A55: RENT/2023/0054 | B55: Mr Yu Jingsong | C55: =TRIM(B55) -> Mr Yu Jingsong | D55: 9K/7202 | E55: =VLOOKUP(D55, Sheet2!A:C, 3, FALSE) -> Honda/Insight/9K/7202 | F55: 0 | G55: 0 | H55: 800000 | I55: Monthly | L55: 2003-07-20 | M55: 2023-08-19 | N55: Running
A56: RENT/2023/0055 | B56: Mr Dong Lei | C56: =TRIM(B56) -> Mr Dong Lei | D56: 9J/1459 | E56: =VLOOKUP(D56, Sheet2!A:C, 3, FALSE) -> Honda/Insight/9J/1459 | F56: 0 | G56: 0 | H56: 800000 | I56: Monthly | L56: 2024-05-02 | M56: 2024-08-01 | N56: Running
A57: RENT/2023/0056 | B57: Mr Huang Wei Meng | C57: =TRIM(B57) -> Mr Huang Wei Meng | D57: 6L/5802 | E57: =VLOOKUP(D57, Sheet2!A:C, 3, FALSE) -> Honda/Insight/6L/5802 | F57: 0 | G57: 0 | H57: 800000 | I57: Monthly | L57: 2024-03-07 | M57: 2024-06-06 | N57: Running
A58: RENT/2023/0057 | B58: Mr Huang Xin Leng | C58: =TRIM(B58) -> Mr Huang Xin Leng | D58: 2I/7677 | E58: =VLOOKUP(D58, Sheet2!A:C, 3, FALSE) -> Honda/Insight/2I/7677 | F58: 0 | G58: 0 | H58: 800000 | I58: Monthly | L58: 2024-06-23 | M58: 2024-07-22 | N58: Running
A59: RENT/2023/0058 | B59: Mr Chen Sheng Li | C59: =TRIM(B59) -> Mr Chen Sheng Li | D59: 6K/9464 | E59: =VLOOKUP(D59, Sheet2!A:C, 3, FALSE) -> Honda/Insight/6K/9464 | F59: 0 | G59: 0 | H59: 800000 | I59: Monthly | L59: 2024-05-01 | M59: 2024-06-30 | N59: Running
A60: RENT/2023/0059 | B60: Ko Nay Min Han | C60: =TRIM(B60) -> Ko Nay Min Han | D60: 1K/2555 | E60: =VLOOKUP(D60, Sheet2!A:C, 3, FALSE) -> Honda/Insight/1K/2555 | F60: 0 | G60: 0 | H60: 800000 | I60: Monthly | L60: 2024-05-27 | M60: 2024-06-26 | N60: Running
A61: RENT/2023/0060 | B61: Mr Ye Zhao Zheng | C61: =TRIM(B61) -> Mr Ye Zhao Zheng | D61: 5K/4168 | E61: =VLOOKUP(D61, Sheet2!A:C, 3, FALSE) -> Honda/Insight/5K/4168 | F61: 0 | G61: 0 | H61: 800000 | I61: Monthly | L61: 45243 | M61: 2024-04-12 | N61: Running
A62: RENT/2023/0061 | B62: Ma Phyu Phyu Moe | C62: =TRIM(B62) -> Ma Phyu Phyu Moe | D62: 7P/6171 (MMO) | E62: =VLOOKUP(D62, Sheet2!A:C, 3, FALSE) -> Toyota/Ractis/7P/6171 (MMO) | F62: 0 | G62: 0 | H62: 700000 | I62: Monthly | L62: 45283 | M62: 2024-01-22 | N62: Running
A63: RENT/2023/0062 | B63: U Zay Paing Htoo | C63: =TRIM(B63) -> U Zay Paing Htoo | D63: 1R/7367 (MMO) | E63: =VLOOKUP(D63, Sheet2!A:C, 3, FALSE) -> Nissan/Sunny/1R/7367 (MMO) | F63: 0 | G63: 0 | H63: 1300000 | I63: Monthly | L63: 2024-07-11 | M63: 2024-09-10 | N63: Running
A64: RENT/2023/0063 | B64: Mr Fu Qiang | C64: =TRIM(B64) -> Mr Fu Qiang | D64: 9N/2999 | E64: =VLOOKUP(D64, Sheet2!A:C, 3, FALSE) -> Nissan/Sunny/9N/2999 | F64: 0 | G64: 0 | H64: 800000 | I64: Monthly | L64: 2023-05-20 | M64: 2023-11-19 | N64: Running
A65: RENT/2023/0064 | B65: Mr Zhou Jimimg | C65: =TRIM(B65) -> Mr Zhou Jimimg | D65: 1P/1210 | E65: =VLOOKUP(D65, Sheet2!A:C, 3, FALSE) -> Nissan/Sunny/1P/1210 | F65: 0 | G65: 0 | H65: 1300000 | I65: Monthly | L65: 2024-07-09 | M65: 2024-08-08 | N65: Running
A66: RENT/2023/0065 | B66: U Myat Min Paing | C66: =TRIM(B66) -> U Myat Min Paing | D66: 7N/1797 (MMO) | E66: =VLOOKUP(D66, Sheet2!A:C, 3, FALSE) -> Toyota/Vitz/7N/1797 (MMO) | F66: 0 | G66: 0 | H66: 300000 | I66: Monthly | L66: 2024-05-24 | M66: 2024-06-23 | N66: Running
A67: RENT/2023/0066 | B67: Ko Hein Htet | C67: =TRIM(B67) -> Ko Hein Htet | D67: 1K/5984 (MMO) | E67: =VLOOKUP(D67, Sheet2!A:C, 3, FALSE) -> Toyota/Vitz/1K/5984 (MMO) | F67: 0 | G67: 0 | H67: 210000 | I67: Monthly | L67: 2024-06-28 | M67: 2024-07-27 | N67: Running
A68: RENT/2023/0067 | B68: Mr Lin Xiao Yun | C68: =TRIM(B68) -> Mr Lin Xiao Yun | D68: 5P/6639 (MMO) | E68: =VLOOKUP(D68, Sheet2!A:C, 3, FALSE) -> Honda/Insight/5P/6639 (MMO) | F68: 0 | G68: 0 | H68: 800000 | I68: Monthly | L68: 45160 | M68: 2024-03-21 | N68: Running
A69: RENT/2023/0068 | B69: Mr Li Zuolong | C69: =TRIM(B69) -> Mr Li Zuolong | D69: 6I/8975 (MMO) | E69: =VLOOKUP(D69, Sheet2!A:C, 3, FALSE) -> Honda/Insight/6I/8975 (MMO) | F69: 0 | G69: 0 | H69: 600000 | I69: Monthly | L69: 45261 | M69: 2024-02-29 | N69: Running
A70: RENT/2023/0069 | B70: Mr Fu Shaoyou | C70: =TRIM(B70) -> Mr Fu Shaoyou | D70: 7H/1942 (MMO) | E70: =VLOOKUP(D70, Sheet2!A:C, 3, FALSE) -> Honda/Insight/7H/1942 (MMO) | F70: 0 | G70: 0 | H70: 800000 | I70: Monthly | L70: 2024-07-24 | M70: 2024-08-23 | N70: Running
A71: RENT/2023/0070 | B71: Ma Thandar | C71: =TRIM(B71) -> Ma Thandar | D71: 4Q/9683 (MMO) | E71: =VLOOKUP(D71, Sheet2!A:C, 3, FALSE) -> Honda/Insight/4Q/9683 (MMO) | F71: 0 | G71: 0 | H71: 500000 | I71: Monthly | L71: 2024-07-22 | M71: 2024-08-21 | N71: Running
A72: RENT/2023/0071 | B72: Mr Wu Wei Jun | C72: =TRIM(B72) -> Mr Wu Wei Jun | D72: 5P/5451 | E72: =VLOOKUP(D72, Sheet2!A:C, 3, FALSE) -> Honda/Insight/5P/5451 | F72: 0 | G72: 0 | H72: 800000 | I72: Monthly | L72: 2024-04-05 | M72: 2024-08-04 | N72: Running
A73: RENT/2023/0072 | B73: STEK | C73: =TRIM(B73) -> STEK | D73: 1M/9575 | E73: =VLOOKUP(D73, Sheet2!A:C, 3, FALSE) -> Honda/Insight/1M/9575 | F73: 0 | G73: 0 | H73: 800000 | I73: Monthly | L73: 2024-06-20 | M73: 2024-07-31 | N73: Running
A74: RENT/2023/0073 | B74: Mr Liu Shiquan | C74: =TRIM(B74) -> Mr Liu Shiquan | D74: 6L/9338 | E74: =VLOOKUP(D74, Sheet2!A:C, 3, FALSE) -> Honda/Insight/6L/9338 | F74: 0 | G74: 0 | H74: 800000 | I74: Monthly | L74: 2024-07-08 | M74: 2024-08-07 | N74: Running
A75: RENT/2023/0074 | B75: Daw May Hnin Phyu | C75: =TRIM(B75) -> Daw May Hnin Phyu | D75: 1L/6464 | E75: =VLOOKUP(D75, Sheet2!A:C, 3, FALSE) -> Honda/Insight/1L/6464 | F75: 0 | G75: 0 | H75: 800000 | I75: Monthly | L75: 2024-07-08 | M75: 2024-08-07 | N75: Running
A76: RENT/2023/0075 | B76: Mr Zhu Yun Jian | C76: =TRIM(B76) -> Mr Zhu Yun Jian | D76: 2L/5621 | E76: =VLOOKUP(D76, Sheet2!A:C, 3, FALSE) -> Honda/Insight/2L/5621 | F76: 0 | G76: 0 | H76: 800000 | I76: Monthly | L76: 2024-07-06 | M76: 2024-08-05 | N76: Running
A77: RENT/2023/0076 | B77: Mr Pu Yuan Lun | C77: =TRIM(B77) -> Mr Pu Yuan Lun | D77: 9J/7318 | E77: =VLOOKUP(D77, Sheet2!A:C, 3, FALSE) -> Honda/Insight/9J/7318 | F77: 0 | G77: 0 | H77: 800000 | I77: Monthly | L77: 2024-07-08 | M77: 2024-08-07 | N77: Running
A78: RENT/2023/0077 | B78: Mr Liu Shiquan | C78: =TRIM(B78) -> Mr Liu Shiquan | D78: 1N/3473 | E78: =VLOOKUP(D78, Sheet2!A:C, 3, FALSE) -> Honda/Insight/1N/3473 | F78: 0 | G78: 0 | H78: 800000 | I78: Monthly | L78: 2024-07-06 | M78: 2024-08-05 | N78: Running
A79: RENT/2023/0078 | B79: Ma Hla Hla Maw | C79: =TRIM(B79) -> Ma Hla Hla Maw | D79: 5L/8865 | E79: =VLOOKUP(D79, Sheet2!A:C, 3, FALSE) -> Honda/Insight/5L/8865 | F79: 0 | G79: 0 | H79: 800000 | I79: Monthly | L79: 2024-07-07 | M79: 2024-08-06 | N79: Running
A80: RENT/2023/0079 | B80: STEK - YGN Office | C80: =TRIM(B80) -> STEK - YGN Office | D80: 3I/2599 | E80: =VLOOKUP(D80, Sheet2!A:C, 3, FALSE) -> Honda/Insight/3I/2599 | F80: 0 | G80: 0 | H80: 800000 | I80: Monthly | L80: 2024-07-23 | M80: 2024-07-31 | N80: Running
A81: RENT/2023/0080 | B81: Mr Lei Ming | C81: =TRIM(B81) -> Mr Lei Ming | D81: 2E/7644 | E81: =VLOOKUP(D81, Sheet2!A:C, 3, FALSE) -> Honda/Insight/2E/7644 | F81: 0 | G81: 0 | H81: 800000 | I81: Monthly | L81: 2024-06-03 | M81: 2024-09-02 | N81: Running
... A84: RENT/2023/0083 | B84: Mr Chen Jun | C84: =TRIM(B84) -> Mr Chen Jun | D84: 3D/4211 | E84: =VLOOKUP(D84, Sheet2!A:C, 3, FALSE) -> Honda/Insight/3D/4211 | F84: 0 | G84: 0 | H84: 800000 | I84: Monthly | L84: 2024-06-25 | M84: 2024-09-24 | N84: Running

Sheet Sheet2
A1: License Plate | B1: Model
A2: 1G/8399 (MMO) | B2: Toyota/Mark II | C2: =CONCATENATE(B2, "/", A2) -> Toyota/Mark II/1G/8399 (MMO)
A3: 1I/4365 | B3: Toyota/Alphard | C3: =CONCATENATE(B3, "/", A3) -> Toyota/Alphard/1I/4365
A4: 1I/4960 | B4: Nissan/AD | C4: =CONCATENATE(B4, "/", A4) -> Nissan/AD/1I/4960
A5: 1I/6866 | B5: Honda/Insight | C5: =CONCATENATE(B5, "/", A5) -> Honda/Insight/1I/6866
A6: 1I/8971 | B6: Honda/Insight | C6: =CONCATENATE(B6, "/", A6) -> Honda/Insight/1I/8971
A7: 1J/4747 | B7: Honda/Insight | C7: =CONCATENATE(B7, "/", A7) -> Honda/Insight/1J/4747
A8: 1K/2555 | B8: Honda/Insight | C8: =CONCATENATE(B8, "/", A8) -> Honda/Insight/1K/2555
A9: 1K/5984 (MMO) | B9: Toyota/Vitz | C9: =CONCATENATE(B9, "/", A9) -> Toyota/Vitz/1K/5984 (MMO)
A10: 1K/7025 | B10: Honda/Insight | C10: =CONCATENATE(B10, "/", A10) -> Honda/Insight/1K/7025
A11: 1K/7482 (MMO) | B11: Honda/Insight | C11: =CONCATENATE(B11, "/", A11) -> Honda/Insight/1K/7482 (MMO)
A12: 1L/1050 (MMO) | B12: Honda/Insight | C12: =CONCATENATE(B12, "/", A12) -> Honda/Insight/1L/1050 (MMO)
A13: 1L/2491 | B13: Honda/Insight | C13: =CONCATENATE(B13, "/", A13) -> Honda/Insight/1L/2491
... A96: 9N/2999 | B96: Nissan/Sunny | C96: =CONCATENATE(B96, "/", A96) -> Nissan/Sunny/9N/2999
